Suite/Test/Step Name,Browser,Description,Tag,Start time,End time,Duration,Status
simple case,Chrome 112.0.0.0,,,2023-05-12 14:44:52,2023-05-12 14:48:31,3m - 39.794s,FAILED
,,,,,,,
Test Cases/test-flow-1-buy-1-product,Chrome 112.0.0.0,,,2023-05-12 14:44:52,2023-05-12 14:45:05,13.168s,PASSED
"openBrowser(""https://www.saucedemo.com/"")",Chrome 112.0.0.0,,,2023-05-12 14:44:52,2023-05-12 14:44:56,3.477s,PASSED
"click(findTestObject(""Object Repository/Page_Swag Labs/input_Swag Labs_user-name""))",Chrome 112.0.0.0,,,2023-05-12 14:44:56,2023-05-12 14:44:56,0.410s,PASSED
"sendKeys(findTestObject(""Object Repository/Page_Swag Labs/input_Swag Labs_user-name""), ""standard_user"")",Chrome 112.0.0.0,,,2023-05-12 14:44:56,2023-05-12 14:44:56,0.359s,PASSED
"click(findTestObject(""Object Repository/Page_Swag Labs/input_Swag Labs_password""))",Chrome 112.0.0.0,,,2023-05-12 14:44:56,2023-05-12 14:44:57,0.343s,PASSED
"sendKeys(findTestObject(""Object Repository/Page_Swag Labs/input_Swag Labs_password""), ""secret_sauce"")",Chrome 112.0.0.0,,,2023-05-12 14:44:57,2023-05-12 14:44:57,0.347s,PASSED
"click(findTestObject(""Object Repository/Page_Swag Labs/input_Swag Labs_login-button""))",Chrome 112.0.0.0,,,2023-05-12 14:44:57,2023-05-12 14:44:57,0.447s,PASSED
"click(findTestObject(""Object Repository/inventoryPage/Backpack""))",Chrome 112.0.0.0,,,2023-05-12 14:44:57,2023-05-12 14:44:58,0.483s,PASSED
"click(findTestObject(""Object Repository/inventoryPage/button_Add to cart""))",Chrome 112.0.0.0,,,2023-05-12 14:44:58,2023-05-12 14:44:58,0.471s,PASSED
"click(findTestObject(""Object Repository/inventoryPage/products_back-image""))",Chrome 112.0.0.0,,,2023-05-12 14:44:58,2023-05-12 14:44:59,0.562s,PASSED
"click(findTestObject(""Object Repository/inventoryPage/cart""))",Chrome 112.0.0.0,,,2023-05-12 14:44:59,2023-05-12 14:44:59,0.462s,PASSED
"click(findTestObject(""Object Repository/CheckoutPage/button_Checkout""))",Chrome 112.0.0.0,,,2023-05-12 14:44:59,2023-05-12 14:45:00,0.468s,PASSED
"sendKeys(findTestObject(""Object Repository/checkout-step-one/input_Checkout Your Information_firstName""), ""demo"")",Chrome 112.0.0.0,,,2023-05-12 14:45:00,2023-05-12 14:45:00,0.571s,PASSED
"sendKeys(findTestObject(""Object Repository/checkout-step-one/input_Checkout Your Information_lastName""), ""qa test"")",Chrome 112.0.0.0,,,2023-05-12 14:45:00,2023-05-12 14:45:01,0.585s,PASSED
"sendKeys(findTestObject(""Object Repository/checkout-step-one/input_Checkout Your Information_postalCode""), ""9000"")",Chrome 112.0.0.0,,,2023-05-12 14:45:01,2023-05-12 14:45:02,0.473s,PASSED
"click(findTestObject(""Object Repository/checkout-step-one/input_continue""))",Chrome 112.0.0.0,,,2023-05-12 14:45:02,2023-05-12 14:45:02,0.465s,PASSED
"click(findTestObject(""Object Repository/finish checkout/button_Finish""))",Chrome 112.0.0.0,,,2023-05-12 14:45:02,2023-05-12 14:45:02,0.472s,PASSED
"verifyElementVisible(findTestObject(""Object Repository/order-success/h2_Thank you for your order""))",Chrome 112.0.0.0,,,2023-05-12 14:45:02,2023-05-12 14:45:03,0.472s,PASSED
"click(findTestObject(""Object Repository/NavSideBar/sidebar""))",Chrome 112.0.0.0,,,2023-05-12 14:45:03,2023-05-12 14:45:03,0.337s,PASSED
"click(findTestObject(""Object Repository/NavSideBar/a_Logout""))",Chrome 112.0.0.0,,,2023-05-12 14:45:03,2023-05-12 14:45:04,0.567s,PASSED
"verifyElementVisible(findTestObject(""Object Repository/Page_Swag Labs/input_Swag Labs_user-name""))",Chrome 112.0.0.0,,,2023-05-12 14:45:04,2023-05-12 14:45:04,0.544s,PASSED
closeBrowser(),Chrome 112.0.0.0,,,2023-05-12 14:45:04,2023-05-12 14:45:05,0.707s,PASSED
,,,,,,,
Test Cases/test-flow-1-buy-1-product,Chrome 112.0.0.0,,,2023-05-12 14:45:05,2023-05-12 14:45:17,11.829s,PASSED
"openBrowser(""https://www.saucedemo.com/"")",Chrome 112.0.0.0,,,2023-05-12 14:45:05,2023-05-12 14:45:07,2.260s,PASSED
"click(findTestObject(""Object Repository/Page_Swag Labs/input_Swag Labs_user-name""))",Chrome 112.0.0.0,,,2023-05-12 14:45:07,2023-05-12 14:45:08,0.348s,PASSED
"sendKeys(findTestObject(""Object Repository/Page_Swag Labs/input_Swag Labs_user-name""), ""standard_user"")",Chrome 112.0.0.0,,,2023-05-12 14:45:08,2023-05-12 14:45:08,0.360s,PASSED
"click(findTestObject(""Object Repository/Page_Swag Labs/input_Swag Labs_password""))",Chrome 112.0.0.0,,,2023-05-12 14:45:08,2023-05-12 14:45:08,0.370s,PASSED
"sendKeys(findTestObject(""Object Repository/Page_Swag Labs/input_Swag Labs_password""), ""secret_sauce"")",Chrome 112.0.0.0,,,2023-05-12 14:45:08,2023-05-12 14:45:09,0.338s,PASSED
"click(findTestObject(""Object Repository/Page_Swag Labs/input_Swag Labs_login-button""))",Chrome 112.0.0.0,,,2023-05-12 14:45:09,2023-05-12 14:45:09,0.408s,PASSED
"click(findTestObject(""Object Repository/inventoryPage/Backpack""))",Chrome 112.0.0.0,,,2023-05-12 14:45:09,2023-05-12 14:45:10,0.479s,PASSED
"click(findTestObject(""Object Repository/inventoryPage/button_Add to cart""))",Chrome 112.0.0.0,,,2023-05-12 14:45:10,2023-05-12 14:45:10,0.493s,PASSED
"click(findTestObject(""Object Repository/inventoryPage/products_back-image""))",Chrome 112.0.0.0,,,2023-05-12 14:45:10,2023-05-12 14:45:11,0.478s,PASSED
"click(findTestObject(""Object Repository/inventoryPage/cart""))",Chrome 112.0.0.0,,,2023-05-12 14:45:11,2023-05-12 14:45:11,0.462s,PASSED
"click(findTestObject(""Object Repository/CheckoutPage/button_Checkout""))",Chrome 112.0.0.0,,,2023-05-12 14:45:11,2023-05-12 14:45:12,0.475s,PASSED
"sendKeys(findTestObject(""Object Repository/checkout-step-one/input_Checkout Your Information_firstName""), ""demo"")",Chrome 112.0.0.0,,,2023-05-12 14:45:12,2023-05-12 14:45:12,0.481s,PASSED
"sendKeys(findTestObject(""Object Repository/checkout-step-one/input_Checkout Your Information_lastName""), ""qa test"")",Chrome 112.0.0.0,,,2023-05-12 14:45:12,2023-05-12 14:45:13,0.585s,PASSED
"sendKeys(findTestObject(""Object Repository/checkout-step-one/input_Checkout Your Information_postalCode""), ""9000"")",Chrome 112.0.0.0,,,2023-05-12 14:45:13,2023-05-12 14:45:13,0.561s,PASSED
"click(findTestObject(""Object Repository/checkout-step-one/input_continue""))",Chrome 112.0.0.0,,,2023-05-12 14:45:13,2023-05-12 14:45:14,0.564s,PASSED
"click(findTestObject(""Object Repository/finish checkout/button_Finish""))",Chrome 112.0.0.0,,,2023-05-12 14:45:14,2023-05-12 14:45:14,0.474s,PASSED
"verifyElementVisible(findTestObject(""Object Repository/order-success/h2_Thank you for your order""))",Chrome 112.0.0.0,,,2023-05-12 14:45:14,2023-05-12 14:45:15,0.544s,PASSED
"click(findTestObject(""Object Repository/NavSideBar/sidebar""))",Chrome 112.0.0.0,,,2023-05-12 14:45:15,2023-05-12 14:45:15,0.344s,PASSED
"click(findTestObject(""Object Repository/NavSideBar/a_Logout""))",Chrome 112.0.0.0,,,2023-05-12 14:45:15,2023-05-12 14:45:16,0.561s,PASSED
"verifyElementVisible(findTestObject(""Object Repository/Page_Swag Labs/input_Swag Labs_user-name""))",Chrome 112.0.0.0,,,2023-05-12 14:45:16,2023-05-12 14:45:16,0.543s,PASSED
closeBrowser(),Chrome 112.0.0.0,,,2023-05-12 14:45:16,2023-05-12 14:45:17,0.694s,PASSED
,,,,,,,
Test Cases/test-flow-1-buy-1-product,Chrome 112.0.0.0,,,2023-05-12 14:45:17,2023-05-12 14:45:29,12.086s,PASSED
"openBrowser(""https://www.saucedemo.com/"")",Chrome 112.0.0.0,,,2023-05-12 14:45:17,2023-05-12 14:45:19,2.231s,PASSED
"click(findTestObject(""Object Repository/Page_Swag Labs/input_Swag Labs_user-name""))",Chrome 112.0.0.0,,,2023-05-12 14:45:19,2023-05-12 14:45:20,0.357s,PASSED
"sendKeys(findTestObject(""Object Repository/Page_Swag Labs/input_Swag Labs_user-name""), ""standard_user"")",Chrome 112.0.0.0,,,2023-05-12 14:45:20,2023-05-12 14:45:20,0.422s,PASSED
"click(findTestObject(""Object Repository/Page_Swag Labs/input_Swag Labs_password""))",Chrome 112.0.0.0,,,2023-05-12 14:45:20,2023-05-12 14:45:20,0.346s,PASSED
"sendKeys(findTestObject(""Object Repository/Page_Swag Labs/input_Swag Labs_password""), ""secret_sauce"")",Chrome 112.0.0.0,,,2023-05-12 14:45:20,2023-05-12 14:45:21,0.353s,PASSED
"click(findTestObject(""Object Repository/Page_Swag Labs/input_Swag Labs_login-button""))",Chrome 112.0.0.0,,,2023-05-12 14:45:21,2023-05-12 14:45:21,0.420s,PASSED
"click(findTestObject(""Object Repository/inventoryPage/Backpack""))",Chrome 112.0.0.0,,,2023-05-12 14:45:21,2023-05-12 14:45:22,0.504s,PASSED
"click(findTestObject(""Object Repository/inventoryPage/button_Add to cart""))",Chrome 112.0.0.0,,,2023-05-12 14:45:22,2023-05-12 14:45:22,0.476s,PASSED
"click(findTestObject(""Object Repository/inventoryPage/products_back-image""))",Chrome 112.0.0.0,,,2023-05-12 14:45:22,2023-05-12 14:45:23,0.568s,PASSED
"click(findTestObject(""Object Repository/inventoryPage/cart""))",Chrome 112.0.0.0,,,2023-05-12 14:45:23,2023-05-12 14:45:23,0.458s,PASSED
"click(findTestObject(""Object Repository/CheckoutPage/button_Checkout""))",Chrome 112.0.0.0,,,2023-05-12 14:45:23,2023-05-12 14:45:24,0.565s,PASSED
"sendKeys(findTestObject(""Object Repository/checkout-step-one/input_Checkout Your Information_firstName""), ""demo"")",Chrome 112.0.0.0,,,2023-05-12 14:45:24,2023-05-12 14:45:24,0.577s,PASSED
"sendKeys(findTestObject(""Object Repository/checkout-step-one/input_Checkout Your Information_lastName""), ""qa test"")",Chrome 112.0.0.0,,,2023-05-12 14:45:24,2023-05-12 14:45:25,0.577s,PASSED
"sendKeys(findTestObject(""Object Repository/checkout-step-one/input_Checkout Your Information_postalCode""), ""9000"")",Chrome 112.0.0.0,,,2023-05-12 14:45:25,2023-05-12 14:45:25,0.568s,PASSED
"click(findTestObject(""Object Repository/checkout-step-one/input_continue""))",Chrome 112.0.0.0,,,2023-05-12 14:45:25,2023-05-12 14:45:26,0.559s,PASSED
"click(findTestObject(""Object Repository/finish checkout/button_Finish""))",Chrome 112.0.0.0,,,2023-05-12 14:45:26,2023-05-12 14:45:27,0.565s,PASSED
"verifyElementVisible(findTestObject(""Object Repository/order-success/h2_Thank you for your order""))",Chrome 112.0.0.0,,,2023-05-12 14:45:27,2023-05-12 14:45:27,0.439s,PASSED
"click(findTestObject(""Object Repository/NavSideBar/sidebar""))",Chrome 112.0.0.0,,,2023-05-12 14:45:27,2023-05-12 14:45:27,0.333s,PASSED
"click(findTestObject(""Object Repository/NavSideBar/a_Logout""))",Chrome 112.0.0.0,,,2023-05-12 14:45:27,2023-05-12 14:45:28,0.555s,PASSED
"verifyElementVisible(findTestObject(""Object Repository/Page_Swag Labs/input_Swag Labs_user-name""))",Chrome 112.0.0.0,,,2023-05-12 14:45:28,2023-05-12 14:45:28,0.460s,PASSED
closeBrowser(),Chrome 112.0.0.0,,,2023-05-12 14:45:28,2023-05-12 14:45:29,0.735s,PASSED
,,,,,,,
Test Cases/test-flow-1-buy-1-product,Chrome 112.0.0.0,,,2023-05-12 14:45:29,2023-05-12 14:45:40,11.395s,PASSED
"openBrowser(""https://www.saucedemo.com/"")",Chrome 112.0.0.0,,,2023-05-12 14:45:29,2023-05-12 14:45:31,1.987s,PASSED
"click(findTestObject(""Object Repository/Page_Swag Labs/input_Swag Labs_user-name""))",Chrome 112.0.0.0,,,2023-05-12 14:45:31,2023-05-12 14:45:31,0.367s,PASSED
"sendKeys(findTestObject(""Object Repository/Page_Swag Labs/input_Swag Labs_user-name""), ""standard_user"")",Chrome 112.0.0.0,,,2023-05-12 14:45:31,2023-05-12 14:45:32,0.350s,PASSED
"click(findTestObject(""Object Repository/Page_Swag Labs/input_Swag Labs_password""))",Chrome 112.0.0.0,,,2023-05-12 14:45:32,2023-05-12 14:45:32,0.351s,PASSED
"sendKeys(findTestObject(""Object Repository/Page_Swag Labs/input_Swag Labs_password""), ""secret_sauce"")",Chrome 112.0.0.0,,,2023-05-12 14:45:32,2023-05-12 14:45:32,0.342s,PASSED
"click(findTestObject(""Object Repository/Page_Swag Labs/input_Swag Labs_login-button""))",Chrome 112.0.0.0,,,2023-05-12 14:45:32,2023-05-12 14:45:33,0.417s,PASSED
"click(findTestObject(""Object Repository/inventoryPage/Backpack""))",Chrome 112.0.0.0,,,2023-05-12 14:45:33,2023-05-12 14:45:33,0.489s,PASSED
"click(findTestObject(""Object Repository/inventoryPage/button_Add to cart""))",Chrome 112.0.0.0,,,2023-05-12 14:45:33,2023-05-12 14:45:34,0.470s,PASSED
"click(findTestObject(""Object Repository/inventoryPage/products_back-image""))",Chrome 112.0.0.0,,,2023-05-12 14:45:34,2023-05-12 14:45:34,0.572s,PASSED
"click(findTestObject(""Object Repository/inventoryPage/cart""))",Chrome 112.0.0.0,,,2023-05-12 14:45:34,2023-05-12 14:45:35,0.563s,PASSED
"click(findTestObject(""Object Repository/CheckoutPage/button_Checkout""))",Chrome 112.0.0.0,,,2023-05-12 14:45:35,2023-05-12 14:45:35,0.469s,PASSED
"sendKeys(findTestObject(""Object Repository/checkout-step-one/input_Checkout Your Information_firstName""), ""demo"")",Chrome 112.0.0.0,,,2023-05-12 14:45:35,2023-05-12 14:45:36,0.476s,PASSED
"sendKeys(findTestObject(""Object Repository/checkout-step-one/input_Checkout Your Information_lastName""), ""qa test"")",Chrome 112.0.0.0,,,2023-05-12 14:45:36,2023-05-12 14:45:36,0.488s,PASSED
"sendKeys(findTestObject(""Object Repository/checkout-step-one/input_Checkout Your Information_postalCode""), ""9000"")",Chrome 112.0.0.0,,,2023-05-12 14:45:36,2023-05-12 14:45:37,0.498s,PASSED
"click(findTestObject(""Object Repository/checkout-step-one/input_continue""))",Chrome 112.0.0.0,,,2023-05-12 14:45:37,2023-05-12 14:45:37,0.492s,PASSED
"click(findTestObject(""Object Repository/finish checkout/button_Finish""))",Chrome 112.0.0.0,,,2023-05-12 14:45:37,2023-05-12 14:45:38,0.488s,PASSED
"verifyElementVisible(findTestObject(""Object Repository/order-success/h2_Thank you for your order""))",Chrome 112.0.0.0,,,2023-05-12 14:45:38,2023-05-12 14:45:38,0.447s,PASSED
"click(findTestObject(""Object Repository/NavSideBar/sidebar""))",Chrome 112.0.0.0,,,2023-05-12 14:45:38,2023-05-12 14:45:39,0.350s,PASSED
"click(findTestObject(""Object Repository/NavSideBar/a_Logout""))",Chrome 112.0.0.0,,,2023-05-12 14:45:39,2023-05-12 14:45:39,0.558s,PASSED
"verifyElementVisible(findTestObject(""Object Repository/Page_Swag Labs/input_Swag Labs_user-name""))",Chrome 112.0.0.0,,,2023-05-12 14:45:39,2023-05-12 14:45:40,0.454s,PASSED
closeBrowser(),Chrome 112.0.0.0,,,2023-05-12 14:45:40,2023-05-12 14:45:40,0.751s,PASSED
,,,,,,,
Test Cases/test-flow-1-buy-1-product,Chrome 112.0.0.0,,,2023-05-12 14:45:40,2023-05-12 14:45:52,11.636s,PASSED
"openBrowser(""https://www.saucedemo.com/"")",Chrome 112.0.0.0,,,2023-05-12 14:45:40,2023-05-12 14:45:43,2.302s,PASSED
"click(findTestObject(""Object Repository/Page_Swag Labs/input_Swag Labs_user-name""))",Chrome 112.0.0.0,,,2023-05-12 14:45:43,2023-05-12 14:45:43,0.360s,PASSED
"sendKeys(findTestObject(""Object Repository/Page_Swag Labs/input_Swag Labs_user-name""), ""standard_user"")",Chrome 112.0.0.0,,,2023-05-12 14:45:43,2023-05-12 14:45:43,0.368s,PASSED
"click(findTestObject(""Object Repository/Page_Swag Labs/input_Swag Labs_password""))",Chrome 112.0.0.0,,,2023-05-12 14:45:43,2023-05-12 14:45:44,0.353s,PASSED
"sendKeys(findTestObject(""Object Repository/Page_Swag Labs/input_Swag Labs_password""), ""secret_sauce"")",Chrome 112.0.0.0,,,2023-05-12 14:45:44,2023-05-12 14:45:44,0.375s,PASSED
"click(findTestObject(""Object Repository/Page_Swag Labs/input_Swag Labs_login-button""))",Chrome 112.0.0.0,,,2023-05-12 14:45:44,2023-05-12 14:45:45,0.420s,PASSED
"click(findTestObject(""Object Repository/inventoryPage/Backpack""))",Chrome 112.0.0.0,,,2023-05-12 14:45:45,2023-05-12 14:45:45,0.515s,PASSED
"click(findTestObject(""Object Repository/inventoryPage/button_Add to cart""))",Chrome 112.0.0.0,,,2023-05-12 14:45:45,2023-05-12 14:45:46,0.529s,PASSED
"click(findTestObject(""Object Repository/inventoryPage/products_back-image""))",Chrome 112.0.0.0,,,2023-05-12 14:45:46,2023-05-12 14:45:46,0.509s,PASSED
"click(findTestObject(""Object Repository/inventoryPage/cart""))",Chrome 112.0.0.0,,,2023-05-12 14:45:46,2023-05-12 14:45:47,0.481s,PASSED
"click(findTestObject(""Object Repository/CheckoutPage/button_Checkout""))",Chrome 112.0.0.0,,,2023-05-12 14:45:47,2023-05-12 14:45:47,0.468s,PASSED
"sendKeys(findTestObject(""Object Repository/checkout-step-one/input_Checkout Your Information_firstName""), ""demo"")",Chrome 112.0.0.0,,,2023-05-12 14:45:47,2023-05-12 14:45:48,0.505s,PASSED
"sendKeys(findTestObject(""Object Repository/checkout-step-one/input_Checkout Your Information_lastName""), ""qa test"")",Chrome 112.0.0.0,,,2023-05-12 14:45:48,2023-05-12 14:45:48,0.512s,PASSED
"sendKeys(findTestObject(""Object Repository/checkout-step-one/input_Checkout Your Information_postalCode""), ""9000"")",Chrome 112.0.0.0,,,2023-05-12 14:45:48,2023-05-12 14:45:49,0.468s,PASSED
"click(findTestObject(""Object Repository/checkout-step-one/input_continue""))",Chrome 112.0.0.0,,,2023-05-12 14:45:49,2023-05-12 14:45:49,0.474s,PASSED
"click(findTestObject(""Object Repository/finish checkout/button_Finish""))",Chrome 112.0.0.0,,,2023-05-12 14:45:49,2023-05-12 14:45:50,0.460s,PASSED
"verifyElementVisible(findTestObject(""Object Repository/order-success/h2_Thank you for your order""))",Chrome 112.0.0.0,,,2023-05-12 14:45:50,2023-05-12 14:45:50,0.450s,PASSED
"click(findTestObject(""Object Repository/NavSideBar/sidebar""))",Chrome 112.0.0.0,,,2023-05-12 14:45:50,2023-05-12 14:45:50,0.347s,PASSED
"click(findTestObject(""Object Repository/NavSideBar/a_Logout""))",Chrome 112.0.0.0,,,2023-05-12 14:45:50,2023-05-12 14:45:51,0.481s,PASSED
"verifyElementVisible(findTestObject(""Object Repository/Page_Swag Labs/input_Swag Labs_user-name""))",Chrome 112.0.0.0,,,2023-05-12 14:45:51,2023-05-12 14:45:51,0.543s,PASSED
closeBrowser(),Chrome 112.0.0.0,,,2023-05-12 14:45:51,2023-05-12 14:45:52,0.707s,PASSED
,,,,,,,
Test Cases/test-flow-1-buy-1-product,Chrome 112.0.0.0,,,2023-05-12 14:45:52,2023-05-12 14:46:04,11.765s,PASSED
"openBrowser(""https://www.saucedemo.com/"")",Chrome 112.0.0.0,,,2023-05-12 14:45:52,2023-05-12 14:45:54,2.210s,PASSED
"click(findTestObject(""Object Repository/Page_Swag Labs/input_Swag Labs_user-name""))",Chrome 112.0.0.0,,,2023-05-12 14:45:54,2023-05-12 14:45:55,0.340s,PASSED
"sendKeys(findTestObject(""Object Repository/Page_Swag Labs/input_Swag Labs_user-name""), ""standard_user"")",Chrome 112.0.0.0,,,2023-05-12 14:45:55,2023-05-12 14:45:55,0.344s,PASSED
"click(findTestObject(""Object Repository/Page_Swag Labs/input_Swag Labs_password""))",Chrome 112.0.0.0,,,2023-05-12 14:45:55,2023-05-12 14:45:55,0.339s,PASSED
"sendKeys(findTestObject(""Object Repository/Page_Swag Labs/input_Swag Labs_password""), ""secret_sauce"")",Chrome 112.0.0.0,,,2023-05-12 14:45:55,2023-05-12 14:45:56,0.338s,PASSED
"click(findTestObject(""Object Repository/Page_Swag Labs/input_Swag Labs_login-button""))",Chrome 112.0.0.0,,,2023-05-12 14:45:56,2023-05-12 14:45:56,0.399s,PASSED
"click(findTestObject(""Object Repository/inventoryPage/Backpack""))",Chrome 112.0.0.0,,,2023-05-12 14:45:56,2023-05-12 14:45:57,0.462s,PASSED
"click(findTestObject(""Object Repository/inventoryPage/button_Add to cart""))",Chrome 112.0.0.0,,,2023-05-12 14:45:57,2023-05-12 14:45:57,0.485s,PASSED
"click(findTestObject(""Object Repository/inventoryPage/products_back-image""))",Chrome 112.0.0.0,,,2023-05-12 14:45:57,2023-05-12 14:45:57,0.472s,PASSED
"click(findTestObject(""Object Repository/inventoryPage/cart""))",Chrome 112.0.0.0,,,2023-05-12 14:45:57,2023-05-12 14:45:58,0.463s,PASSED
"click(findTestObject(""Object Repository/CheckoutPage/button_Checkout""))",Chrome 112.0.0.0,,,2023-05-12 14:45:58,2023-05-12 14:45:58,0.467s,PASSED
"sendKeys(findTestObject(""Object Repository/checkout-step-one/input_Checkout Your Information_firstName""), ""demo"")",Chrome 112.0.0.0,,,2023-05-12 14:45:58,2023-05-12 14:45:59,0.588s,PASSED
"sendKeys(findTestObject(""Object Repository/checkout-step-one/input_Checkout Your Information_lastName""), ""qa test"")",Chrome 112.0.0.0,,,2023-05-12 14:45:59,2023-05-12 14:45:59,0.481s,PASSED
"sendKeys(findTestObject(""Object Repository/checkout-step-one/input_Checkout Your Information_postalCode""), ""9000"")",Chrome 112.0.0.0,,,2023-05-12 14:45:59,2023-05-12 14:46:00,0.568s,PASSED
"click(findTestObject(""Object Repository/checkout-step-one/input_continue""))",Chrome 112.0.0.0,,,2023-05-12 14:46:00,2023-05-12 14:46:01,0.562s,PASSED
"click(findTestObject(""Object Repository/finish checkout/button_Finish""))",Chrome 112.0.0.0,,,2023-05-12 14:46:01,2023-05-12 14:46:01,0.555s,PASSED
"verifyElementVisible(findTestObject(""Object Repository/order-success/h2_Thank you for your order""))",Chrome 112.0.0.0,,,2023-05-12 14:46:01,2023-05-12 14:46:02,0.537s,PASSED
"click(findTestObject(""Object Repository/NavSideBar/sidebar""))",Chrome 112.0.0.0,,,2023-05-12 14:46:02,2023-05-12 14:46:02,0.330s,PASSED
"click(findTestObject(""Object Repository/NavSideBar/a_Logout""))",Chrome 112.0.0.0,,,2023-05-12 14:46:02,2023-05-12 14:46:03,0.561s,PASSED
"verifyElementVisible(findTestObject(""Object Repository/Page_Swag Labs/input_Swag Labs_user-name""))",Chrome 112.0.0.0,,,2023-05-12 14:46:03,2023-05-12 14:46:03,0.543s,PASSED
closeBrowser(),Chrome 112.0.0.0,,,2023-05-12 14:46:03,2023-05-12 14:46:04,0.709s,PASSED
,,,,,,,
Test Cases/test-flow-1-buy-1-product,Chrome 112.0.0.0,,,2023-05-12 14:46:04,2023-05-12 14:46:16,12.294s,PASSED
"openBrowser(""https://www.saucedemo.com/"")",Chrome 112.0.0.0,,,2023-05-12 14:46:04,2023-05-12 14:46:06,2.477s,PASSED
"click(findTestObject(""Object Repository/Page_Swag Labs/input_Swag Labs_user-name""))",Chrome 112.0.0.0,,,2023-05-12 14:46:06,2023-05-12 14:46:07,0.350s,PASSED
"sendKeys(findTestObject(""Object Repository/Page_Swag Labs/input_Swag Labs_user-name""), ""standard_user"")",Chrome 112.0.0.0,,,2023-05-12 14:46:07,2023-05-12 14:46:07,0.344s,PASSED
"click(findTestObject(""Object Repository/Page_Swag Labs/input_Swag Labs_password""))",Chrome 112.0.0.0,,,2023-05-12 14:46:07,2023-05-12 14:46:07,0.343s,PASSED
"sendKeys(findTestObject(""Object Repository/Page_Swag Labs/input_Swag Labs_password""), ""secret_sauce"")",Chrome 112.0.0.0,,,2023-05-12 14:46:07,2023-05-12 14:46:08,0.348s,PASSED
"click(findTestObject(""Object Repository/Page_Swag Labs/input_Swag Labs_login-button""))",Chrome 112.0.0.0,,,2023-05-12 14:46:08,2023-05-12 14:46:08,0.395s,PASSED
"click(findTestObject(""Object Repository/inventoryPage/Backpack""))",Chrome 112.0.0.0,,,2023-05-12 14:46:08,2023-05-12 14:46:09,0.473s,PASSED
"click(findTestObject(""Object Repository/inventoryPage/button_Add to cart""))",Chrome 112.0.0.0,,,2023-05-12 14:46:09,2023-05-12 14:46:09,0.463s,PASSED
"click(findTestObject(""Object Repository/inventoryPage/products_back-image""))",Chrome 112.0.0.0,,,2023-05-12 14:46:09,2023-05-12 14:46:10,0.569s,PASSED
"click(findTestObject(""Object Repository/inventoryPage/cart""))",Chrome 112.0.0.0,,,2023-05-12 14:46:10,2023-05-12 14:46:10,0.556s,PASSED
"click(findTestObject(""Object Repository/CheckoutPage/button_Checkout""))",Chrome 112.0.0.0,,,2023-05-12 14:46:10,2023-05-12 14:46:11,0.462s,PASSED
"sendKeys(findTestObject(""Object Repository/checkout-step-one/input_Checkout Your Information_firstName""), ""demo"")",Chrome 112.0.0.0,,,2023-05-12 14:46:11,2023-05-12 14:46:11,0.575s,PASSED
"sendKeys(findTestObject(""Object Repository/checkout-step-one/input_Checkout Your Information_lastName""), ""qa test"")",Chrome 112.0.0.0,,,2023-05-12 14:46:11,2023-05-12 14:46:12,0.583s,PASSED
"sendKeys(findTestObject(""Object Repository/checkout-step-one/input_Checkout Your Information_postalCode""), ""9000"")",Chrome 112.0.0.0,,,2023-05-12 14:46:12,2023-05-12 14:46:12,0.507s,PASSED
"click(findTestObject(""Object Repository/checkout-step-one/input_continue""))",Chrome 112.0.0.0,,,2023-05-12 14:46:12,2023-05-12 14:46:13,0.578s,PASSED
"click(findTestObject(""Object Repository/finish checkout/button_Finish""))",Chrome 112.0.0.0,,,2023-05-12 14:46:13,2023-05-12 14:46:13,0.564s,PASSED
"verifyElementVisible(findTestObject(""Object Repository/order-success/h2_Thank you for your order""))",Chrome 112.0.0.0,,,2023-05-12 14:46:13,2023-05-12 14:46:14,0.539s,PASSED
"click(findTestObject(""Object Repository/NavSideBar/sidebar""))",Chrome 112.0.0.0,,,2023-05-12 14:46:14,2023-05-12 14:46:14,0.337s,PASSED
"click(findTestObject(""Object Repository/NavSideBar/a_Logout""))",Chrome 112.0.0.0,,,2023-05-12 14:46:14,2023-05-12 14:46:15,0.552s,PASSED
"verifyElementVisible(findTestObject(""Object Repository/Page_Swag Labs/input_Swag Labs_user-name""))",Chrome 112.0.0.0,,,2023-05-12 14:46:15,2023-05-12 14:46:15,0.547s,PASSED
closeBrowser(),Chrome 112.0.0.0,,,2023-05-12 14:46:15,2023-05-12 14:46:16,0.719s,PASSED
,,,,,,,
Test Cases/test-flow-1-buy-1-product,Chrome 112.0.0.0,,,2023-05-12 14:46:16,2023-05-12 14:46:28,11.973s,PASSED
"openBrowser(""https://www.saucedemo.com/"")",Chrome 112.0.0.0,,,2023-05-12 14:46:16,2023-05-12 14:46:18,2.054s,PASSED
"click(findTestObject(""Object Repository/Page_Swag Labs/input_Swag Labs_user-name""))",Chrome 112.0.0.0,,,2023-05-12 14:46:18,2023-05-12 14:46:19,0.340s,PASSED
"sendKeys(findTestObject(""Object Repository/Page_Swag Labs/input_Swag Labs_user-name""), ""standard_user"")",Chrome 112.0.0.0,,,2023-05-12 14:46:19,2023-05-12 14:46:19,0.346s,PASSED
"click(findTestObject(""Object Repository/Page_Swag Labs/input_Swag Labs_password""))",Chrome 112.0.0.0,,,2023-05-12 14:46:19,2023-05-12 14:46:19,0.342s,PASSED
"sendKeys(findTestObject(""Object Repository/Page_Swag Labs/input_Swag Labs_password""), ""secret_sauce"")",Chrome 112.0.0.0,,,2023-05-12 14:46:19,2023-05-12 14:46:20,0.331s,PASSED
"click(findTestObject(""Object Repository/Page_Swag Labs/input_Swag Labs_login-button""))",Chrome 112.0.0.0,,,2023-05-12 14:46:20,2023-05-12 14:46:20,0.394s,PASSED
"click(findTestObject(""Object Repository/inventoryPage/Backpack""))",Chrome 112.0.0.0,,,2023-05-12 14:46:20,2023-05-12 14:46:20,0.529s,PASSED
"click(findTestObject(""Object Repository/inventoryPage/button_Add to cart""))",Chrome 112.0.0.0,,,2023-05-12 14:46:20,2023-05-12 14:46:21,0.459s,PASSED
"click(findTestObject(""Object Repository/inventoryPage/products_back-image""))",Chrome 112.0.0.0,,,2023-05-12 14:46:21,2023-05-12 14:46:22,0.576s,PASSED
"click(findTestObject(""Object Repository/inventoryPage/cart""))",Chrome 112.0.0.0,,,2023-05-12 14:46:22,2023-05-12 14:46:22,0.561s,PASSED
"click(findTestObject(""Object Repository/CheckoutPage/button_Checkout""))",Chrome 112.0.0.0,,,2023-05-12 14:46:22,2023-05-12 14:46:23,0.564s,PASSED
"sendKeys(findTestObject(""Object Repository/checkout-step-one/input_Checkout Your Information_firstName""), ""demo"")",Chrome 112.0.0.0,,,2023-05-12 14:46:23,2023-05-12 14:46:23,0.479s,PASSED
"sendKeys(findTestObject(""Object Repository/checkout-step-one/input_Checkout Your Information_lastName""), ""qa test"")",Chrome 112.0.0.0,,,2023-05-12 14:46:23,2023-05-12 14:46:24,0.579s,PASSED
"sendKeys(findTestObject(""Object Repository/checkout-step-one/input_Checkout Your Information_postalCode""), ""9000"")",Chrome 112.0.0.0,,,2023-05-12 14:46:24,2023-05-12 14:46:24,0.566s,PASSED
"click(findTestObject(""Object Repository/checkout-step-one/input_continue""))",Chrome 112.0.0.0,,,2023-05-12 14:46:24,2023-05-12 14:46:25,0.561s,PASSED
"click(findTestObject(""Object Repository/finish checkout/button_Finish""))",Chrome 112.0.0.0,,,2023-05-12 14:46:25,2023-05-12 14:46:25,0.462s,PASSED
"verifyElementVisible(findTestObject(""Object Repository/order-success/h2_Thank you for your order""))",Chrome 112.0.0.0,,,2023-05-12 14:46:25,2023-05-12 14:46:26,0.543s,PASSED
"click(findTestObject(""Object Repository/NavSideBar/sidebar""))",Chrome 112.0.0.0,,,2023-05-12 14:46:26,2023-05-12 14:46:26,0.350s,PASSED
"click(findTestObject(""Object Repository/NavSideBar/a_Logout""))",Chrome 112.0.0.0,,,2023-05-12 14:46:26,2023-05-12 14:46:27,0.557s,PASSED
"verifyElementVisible(findTestObject(""Object Repository/Page_Swag Labs/input_Swag Labs_user-name""))",Chrome 112.0.0.0,,,2023-05-12 14:46:27,2023-05-12 14:46:27,0.543s,PASSED
closeBrowser(),Chrome 112.0.0.0,,,2023-05-12 14:46:27,2023-05-12 14:46:28,0.826s,PASSED
,,,,,,,
Test Cases/test-flow-1-buy-1-product,Chrome 112.0.0.0,,,2023-05-12 14:46:28,2023-05-12 14:46:40,11.877s,PASSED
"openBrowser(""https://www.saucedemo.com/"")",Chrome 112.0.0.0,,,2023-05-12 14:46:28,2023-05-12 14:46:30,2.151s,PASSED
"click(findTestObject(""Object Repository/Page_Swag Labs/input_Swag Labs_user-name""))",Chrome 112.0.0.0,,,2023-05-12 14:46:30,2023-05-12 14:46:31,0.396s,PASSED
"sendKeys(findTestObject(""Object Repository/Page_Swag Labs/input_Swag Labs_user-name""), ""standard_user"")",Chrome 112.0.0.0,,,2023-05-12 14:46:31,2023-05-12 14:46:31,0.338s,PASSED
"click(findTestObject(""Object Repository/Page_Swag Labs/input_Swag Labs_password""))",Chrome 112.0.0.0,,,2023-05-12 14:46:31,2023-05-12 14:46:31,0.340s,PASSED
"sendKeys(findTestObject(""Object Repository/Page_Swag Labs/input_Swag Labs_password""), ""secret_sauce"")",Chrome 112.0.0.0,,,2023-05-12 14:46:31,2023-05-12 14:46:32,0.340s,PASSED
"click(findTestObject(""Object Repository/Page_Swag Labs/input_Swag Labs_login-button""))",Chrome 112.0.0.0,,,2023-05-12 14:46:32,2023-05-12 14:46:32,0.394s,PASSED
"click(findTestObject(""Object Repository/inventoryPage/Backpack""))",Chrome 112.0.0.0,,,2023-05-12 14:46:32,2023-05-12 14:46:33,0.485s,PASSED
"click(findTestObject(""Object Repository/inventoryPage/button_Add to cart""))",Chrome 112.0.0.0,,,2023-05-12 14:46:33,2023-05-12 14:46:33,0.465s,PASSED
"click(findTestObject(""Object Repository/inventoryPage/products_back-image""))",Chrome 112.0.0.0,,,2023-05-12 14:46:33,2023-05-12 14:46:34,0.476s,PASSED
"click(findTestObject(""Object Repository/inventoryPage/cart""))",Chrome 112.0.0.0,,,2023-05-12 14:46:34,2023-05-12 14:46:34,0.554s,PASSED
"click(findTestObject(""Object Repository/CheckoutPage/button_Checkout""))",Chrome 112.0.0.0,,,2023-05-12 14:46:34,2023-05-12 14:46:35,0.469s,PASSED
"sendKeys(findTestObject(""Object Repository/checkout-step-one/input_Checkout Your Information_firstName""), ""demo"")",Chrome 112.0.0.0,,,2023-05-12 14:46:35,2023-05-12 14:46:35,0.570s,PASSED
"sendKeys(findTestObject(""Object Repository/checkout-step-one/input_Checkout Your Information_lastName""), ""qa test"")",Chrome 112.0.0.0,,,2023-05-12 14:46:35,2023-05-12 14:46:36,0.472s,PASSED
"sendKeys(findTestObject(""Object Repository/checkout-step-one/input_Checkout Your Information_postalCode""), ""9000"")",Chrome 112.0.0.0,,,2023-05-12 14:46:36,2023-05-12 14:46:36,0.575s,PASSED
"click(findTestObject(""Object Repository/checkout-step-one/input_continue""))",Chrome 112.0.0.0,,,2023-05-12 14:46:36,2023-05-12 14:46:37,0.577s,PASSED
"click(findTestObject(""Object Repository/finish checkout/button_Finish""))",Chrome 112.0.0.0,,,2023-05-12 14:46:37,2023-05-12 14:46:37,0.564s,PASSED
"verifyElementVisible(findTestObject(""Object Repository/order-success/h2_Thank you for your order""))",Chrome 112.0.0.0,,,2023-05-12 14:46:37,2023-05-12 14:46:38,0.543s,PASSED
"click(findTestObject(""Object Repository/NavSideBar/sidebar""))",Chrome 112.0.0.0,,,2023-05-12 14:46:38,2023-05-12 14:46:38,0.341s,PASSED
"click(findTestObject(""Object Repository/NavSideBar/a_Logout""))",Chrome 112.0.0.0,,,2023-05-12 14:46:38,2023-05-12 14:46:39,0.557s,PASSED
"verifyElementVisible(findTestObject(""Object Repository/Page_Swag Labs/input_Swag Labs_user-name""))",Chrome 112.0.0.0,,,2023-05-12 14:46:39,2023-05-12 14:46:39,0.561s,PASSED
closeBrowser(),Chrome 112.0.0.0,,,2023-05-12 14:46:39,2023-05-12 14:46:40,0.697s,PASSED
,,,,,,,
Test Cases/test-flow-1-buy-1-product,Chrome 112.0.0.0,,,2023-05-12 14:46:40,2023-05-12 14:46:52,11.737s,PASSED
"openBrowser(""https://www.saucedemo.com/"")",Chrome 112.0.0.0,,,2023-05-12 14:46:40,2023-05-12 14:46:42,2.242s,PASSED
"click(findTestObject(""Object Repository/Page_Swag Labs/input_Swag Labs_user-name""))",Chrome 112.0.0.0,,,2023-05-12 14:46:42,2023-05-12 14:46:43,0.461s,PASSED
"sendKeys(findTestObject(""Object Repository/Page_Swag Labs/input_Swag Labs_user-name""), ""standard_user"")",Chrome 112.0.0.0,,,2023-05-12 14:46:43,2023-05-12 14:46:43,0.360s,PASSED
"click(findTestObject(""Object Repository/Page_Swag Labs/input_Swag Labs_password""))",Chrome 112.0.0.0,,,2023-05-12 14:46:43,2023-05-12 14:46:43,0.349s,PASSED
"sendKeys(findTestObject(""Object Repository/Page_Swag Labs/input_Swag Labs_password""), ""secret_sauce"")",Chrome 112.0.0.0,,,2023-05-12 14:46:43,2023-05-12 14:46:44,0.349s,PASSED
"click(findTestObject(""Object Repository/Page_Swag Labs/input_Swag Labs_login-button""))",Chrome 112.0.0.0,,,2023-05-12 14:46:44,2023-05-12 14:46:44,0.414s,PASSED
"click(findTestObject(""Object Repository/inventoryPage/Backpack""))",Chrome 112.0.0.0,,,2023-05-12 14:46:44,2023-05-12 14:46:45,0.485s,PASSED
"click(findTestObject(""Object Repository/inventoryPage/button_Add to cart""))",Chrome 112.0.0.0,,,2023-05-12 14:46:45,2023-05-12 14:46:45,0.464s,PASSED
"click(findTestObject(""Object Repository/inventoryPage/products_back-image""))",Chrome 112.0.0.0,,,2023-05-12 14:46:45,2023-05-12 14:46:46,0.474s,PASSED
"click(findTestObject(""Object Repository/inventoryPage/cart""))",Chrome 112.0.0.0,,,2023-05-12 14:46:46,2023-05-12 14:46:46,0.464s,PASSED
"click(findTestObject(""Object Repository/CheckoutPage/button_Checkout""))",Chrome 112.0.0.0,,,2023-05-12 14:46:46,2023-05-12 14:46:47,0.464s,PASSED
"sendKeys(findTestObject(""Object Repository/checkout-step-one/input_Checkout Your Information_firstName""), ""demo"")",Chrome 112.0.0.0,,,2023-05-12 14:46:47,2023-05-12 14:46:47,0.575s,PASSED
"sendKeys(findTestObject(""Object Repository/checkout-step-one/input_Checkout Your Information_lastName""), ""qa test"")",Chrome 112.0.0.0,,,2023-05-12 14:46:47,2023-05-12 14:46:48,0.594s,PASSED
"sendKeys(findTestObject(""Object Repository/checkout-step-one/input_Checkout Your Information_postalCode""), ""9000"")",Chrome 112.0.0.0,,,2023-05-12 14:46:48,2023-05-12 14:46:48,0.581s,PASSED
"click(findTestObject(""Object Repository/checkout-step-one/input_continue""))",Chrome 112.0.0.0,,,2023-05-12 14:46:48,2023-05-12 14:46:49,0.577s,PASSED
"click(findTestObject(""Object Repository/finish checkout/button_Finish""))",Chrome 112.0.0.0,,,2023-05-12 14:46:49,2023-05-12 14:46:49,0.463s,PASSED
"verifyElementVisible(findTestObject(""Object Repository/order-success/h2_Thank you for your order""))",Chrome 112.0.0.0,,,2023-05-12 14:46:49,2023-05-12 14:46:50,0.448s,PASSED
"click(findTestObject(""Object Repository/NavSideBar/sidebar""))",Chrome 112.0.0.0,,,2023-05-12 14:46:50,2023-05-12 14:46:50,0.344s,PASSED
"click(findTestObject(""Object Repository/NavSideBar/a_Logout""))",Chrome 112.0.0.0,,,2023-05-12 14:46:50,2023-05-12 14:46:51,0.469s,PASSED
"verifyElementVisible(findTestObject(""Object Repository/Page_Swag Labs/input_Swag Labs_user-name""))",Chrome 112.0.0.0,,,2023-05-12 14:46:51,2023-05-12 14:46:51,0.443s,PASSED
closeBrowser(),Chrome 112.0.0.0,,,2023-05-12 14:46:51,2023-05-12 14:46:52,0.710s,PASSED
,,,,,,,
Test Cases/test-flow-1-buy-1-product,Chrome 112.0.0.0,,,2023-05-12 14:46:52,2023-05-12 14:47:04,11.939s,PASSED
"openBrowser(""https://www.saucedemo.com/"")",Chrome 112.0.0.0,,,2023-05-12 14:46:52,2023-05-12 14:46:54,2.243s,PASSED
"click(findTestObject(""Object Repository/Page_Swag Labs/input_Swag Labs_user-name""))",Chrome 112.0.0.0,,,2023-05-12 14:46:54,2023-05-12 14:46:54,0.378s,PASSED
"sendKeys(findTestObject(""Object Repository/Page_Swag Labs/input_Swag Labs_user-name""), ""standard_user"")",Chrome 112.0.0.0,,,2023-05-12 14:46:54,2023-05-12 14:46:55,0.375s,PASSED
"click(findTestObject(""Object Repository/Page_Swag Labs/input_Swag Labs_password""))",Chrome 112.0.0.0,,,2023-05-12 14:46:55,2023-05-12 14:46:55,0.352s,PASSED
"sendKeys(findTestObject(""Object Repository/Page_Swag Labs/input_Swag Labs_password""), ""secret_sauce"")",Chrome 112.0.0.0,,,2023-05-12 14:46:55,2023-05-12 14:46:55,0.358s,PASSED
"click(findTestObject(""Object Repository/Page_Swag Labs/input_Swag Labs_login-button""))",Chrome 112.0.0.0,,,2023-05-12 14:46:55,2023-05-12 14:46:56,0.429s,PASSED
"click(findTestObject(""Object Repository/inventoryPage/Backpack""))",Chrome 112.0.0.0,,,2023-05-12 14:46:56,2023-05-12 14:46:56,0.518s,PASSED
"click(findTestObject(""Object Repository/inventoryPage/button_Add to cart""))",Chrome 112.0.0.0,,,2023-05-12 14:46:56,2023-05-12 14:46:57,0.499s,PASSED
"click(findTestObject(""Object Repository/inventoryPage/products_back-image""))",Chrome 112.0.0.0,,,2023-05-12 14:46:57,2023-05-12 14:46:57,0.487s,PASSED
"click(findTestObject(""Object Repository/inventoryPage/cart""))",Chrome 112.0.0.0,,,2023-05-12 14:46:57,2023-05-12 14:46:58,0.476s,PASSED
"click(findTestObject(""Object Repository/CheckoutPage/button_Checkout""))",Chrome 112.0.0.0,,,2023-05-12 14:46:58,2023-05-12 14:46:58,0.487s,PASSED
"sendKeys(findTestObject(""Object Repository/checkout-step-one/input_Checkout Your Information_firstName""), ""demo"")",Chrome 112.0.0.0,,,2023-05-12 14:46:58,2023-05-12 14:46:59,0.495s,PASSED
"sendKeys(findTestObject(""Object Repository/checkout-step-one/input_Checkout Your Information_lastName""), ""qa test"")",Chrome 112.0.0.0,,,2023-05-12 14:46:59,2023-05-12 14:46:59,0.589s,PASSED
"sendKeys(findTestObject(""Object Repository/checkout-step-one/input_Checkout Your Information_postalCode""), ""9000"")",Chrome 112.0.0.0,,,2023-05-12 14:46:59,2023-05-12 14:47:00,0.476s,PASSED
"click(findTestObject(""Object Repository/checkout-step-one/input_continue""))",Chrome 112.0.0.0,,,2023-05-12 14:47:00,2023-05-12 14:47:00,0.494s,PASSED
"click(findTestObject(""Object Repository/finish checkout/button_Finish""))",Chrome 112.0.0.0,,,2023-05-12 14:47:00,2023-05-12 14:47:01,0.564s,PASSED
"verifyElementVisible(findTestObject(""Object Repository/order-success/h2_Thank you for your order""))",Chrome 112.0.0.0,,,2023-05-12 14:47:01,2023-05-12 14:47:02,0.541s,PASSED
"click(findTestObject(""Object Repository/NavSideBar/sidebar""))",Chrome 112.0.0.0,,,2023-05-12 14:47:02,2023-05-12 14:47:02,0.328s,PASSED
"click(findTestObject(""Object Repository/NavSideBar/a_Logout""))",Chrome 112.0.0.0,,,2023-05-12 14:47:02,2023-05-12 14:47:02,0.560s,PASSED
"verifyElementVisible(findTestObject(""Object Repository/Page_Swag Labs/input_Swag Labs_user-name""))",Chrome 112.0.0.0,,,2023-05-12 14:47:02,2023-05-12 14:47:03,0.545s,PASSED
closeBrowser(),Chrome 112.0.0.0,,,2023-05-12 14:47:03,2023-05-12 14:47:04,0.737s,PASSED
,,,,,,,
Test Cases/test-flow-1-buy-1-product,Chrome 112.0.0.0,,,2023-05-12 14:47:04,2023-05-12 14:47:15,11.811s,PASSED
"openBrowser(""https://www.saucedemo.com/"")",Chrome 112.0.0.0,,,2023-05-12 14:47:04,2023-05-12 14:47:06,1.923s,PASSED
"click(findTestObject(""Object Repository/Page_Swag Labs/input_Swag Labs_user-name""))",Chrome 112.0.0.0,,,2023-05-12 14:47:06,2023-05-12 14:47:06,0.335s,PASSED
"sendKeys(findTestObject(""Object Repository/Page_Swag Labs/input_Swag Labs_user-name""), ""standard_user"")",Chrome 112.0.0.0,,,2023-05-12 14:47:06,2023-05-12 14:47:06,0.341s,PASSED
"click(findTestObject(""Object Repository/Page_Swag Labs/input_Swag Labs_password""))",Chrome 112.0.0.0,,,2023-05-12 14:47:06,2023-05-12 14:47:07,0.342s,PASSED
"sendKeys(findTestObject(""Object Repository/Page_Swag Labs/input_Swag Labs_password""), ""secret_sauce"")",Chrome 112.0.0.0,,,2023-05-12 14:47:07,2023-05-12 14:47:07,0.340s,PASSED
"click(findTestObject(""Object Repository/Page_Swag Labs/input_Swag Labs_login-button""))",Chrome 112.0.0.0,,,2023-05-12 14:47:07,2023-05-12 14:47:07,0.408s,PASSED
"click(findTestObject(""Object Repository/inventoryPage/Backpack""))",Chrome 112.0.0.0,,,2023-05-12 14:47:07,2023-05-12 14:47:08,0.499s,PASSED
"click(findTestObject(""Object Repository/inventoryPage/button_Add to cart""))",Chrome 112.0.0.0,,,2023-05-12 14:47:08,2023-05-12 14:47:08,0.483s,PASSED
"click(findTestObject(""Object Repository/inventoryPage/products_back-image""))",Chrome 112.0.0.0,,,2023-05-12 14:47:08,2023-05-12 14:47:09,0.569s,PASSED
"click(findTestObject(""Object Repository/inventoryPage/cart""))",Chrome 112.0.0.0,,,2023-05-12 14:47:09,2023-05-12 14:47:09,0.562s,PASSED
"click(findTestObject(""Object Repository/CheckoutPage/button_Checkout""))",Chrome 112.0.0.0,,,2023-05-12 14:47:09,2023-05-12 14:47:10,0.560s,PASSED
"sendKeys(findTestObject(""Object Repository/checkout-step-one/input_Checkout Your Information_firstName""), ""demo"")",Chrome 112.0.0.0,,,2023-05-12 14:47:10,2023-05-12 14:47:11,0.577s,PASSED
"sendKeys(findTestObject(""Object Repository/checkout-step-one/input_Checkout Your Information_lastName""), ""qa test"")",Chrome 112.0.0.0,,,2023-05-12 14:47:11,2023-05-12 14:47:11,0.576s,PASSED
"sendKeys(findTestObject(""Object Repository/checkout-step-one/input_Checkout Your Information_postalCode""), ""9000"")",Chrome 112.0.0.0,,,2023-05-12 14:47:11,2023-05-12 14:47:12,0.575s,PASSED
"click(findTestObject(""Object Repository/checkout-step-one/input_continue""))",Chrome 112.0.0.0,,,2023-05-12 14:47:12,2023-05-12 14:47:12,0.573s,PASSED
"click(findTestObject(""Object Repository/finish checkout/button_Finish""))",Chrome 112.0.0.0,,,2023-05-12 14:47:12,2023-05-12 14:47:13,0.547s,PASSED
"verifyElementVisible(findTestObject(""Object Repository/order-success/h2_Thank you for your order""))",Chrome 112.0.0.0,,,2023-05-12 14:47:13,2023-05-12 14:47:13,0.557s,PASSED
"click(findTestObject(""Object Repository/NavSideBar/sidebar""))",Chrome 112.0.0.0,,,2023-05-12 14:47:13,2023-05-12 14:47:14,0.330s,PASSED
"click(findTestObject(""Object Repository/NavSideBar/a_Logout""))",Chrome 112.0.0.0,,,2023-05-12 14:47:14,2023-05-12 14:47:14,0.559s,PASSED
"verifyElementVisible(findTestObject(""Object Repository/Page_Swag Labs/input_Swag Labs_user-name""))",Chrome 112.0.0.0,,,2023-05-12 14:47:14,2023-05-12 14:47:15,0.438s,PASSED
closeBrowser(),Chrome 112.0.0.0,,,2023-05-12 14:47:15,2023-05-12 14:47:15,0.707s,PASSED
,,,,,,,
Test Cases/test-flow-1-buy-1-product,Chrome 112.0.0.0,,,2023-05-12 14:47:15,2023-05-12 14:47:27,11.752s,PASSED
"openBrowser(""https://www.saucedemo.com/"")",Chrome 112.0.0.0,,,2023-05-12 14:47:15,2023-05-12 14:47:18,2.023s,PASSED
"click(findTestObject(""Object Repository/Page_Swag Labs/input_Swag Labs_user-name""))",Chrome 112.0.0.0,,,2023-05-12 14:47:18,2023-05-12 14:47:18,0.342s,PASSED
"sendKeys(findTestObject(""Object Repository/Page_Swag Labs/input_Swag Labs_user-name""), ""standard_user"")",Chrome 112.0.0.0,,,2023-05-12 14:47:18,2023-05-12 14:47:18,0.341s,PASSED
"click(findTestObject(""Object Repository/Page_Swag Labs/input_Swag Labs_password""))",Chrome 112.0.0.0,,,2023-05-12 14:47:18,2023-05-12 14:47:19,0.339s,PASSED
"sendKeys(findTestObject(""Object Repository/Page_Swag Labs/input_Swag Labs_password""), ""secret_sauce"")",Chrome 112.0.0.0,,,2023-05-12 14:47:19,2023-05-12 14:47:19,0.356s,PASSED
"click(findTestObject(""Object Repository/Page_Swag Labs/input_Swag Labs_login-button""))",Chrome 112.0.0.0,,,2023-05-12 14:47:19,2023-05-12 14:47:19,0.405s,PASSED
"click(findTestObject(""Object Repository/inventoryPage/Backpack""))",Chrome 112.0.0.0,,,2023-05-12 14:47:19,2023-05-12 14:47:20,0.470s,PASSED
"click(findTestObject(""Object Repository/inventoryPage/button_Add to cart""))",Chrome 112.0.0.0,,,2023-05-12 14:47:20,2023-05-12 14:47:20,0.464s,PASSED
"click(findTestObject(""Object Repository/inventoryPage/products_back-image""))",Chrome 112.0.0.0,,,2023-05-12 14:47:20,2023-05-12 14:47:21,0.562s,PASSED
"click(findTestObject(""Object Repository/inventoryPage/cart""))",Chrome 112.0.0.0,,,2023-05-12 14:47:21,2023-05-12 14:47:21,0.554s,PASSED
"click(findTestObject(""Object Repository/CheckoutPage/button_Checkout""))",Chrome 112.0.0.0,,,2023-05-12 14:47:21,2023-05-12 14:47:22,0.558s,PASSED
"sendKeys(findTestObject(""Object Repository/checkout-step-one/input_Checkout Your Information_firstName""), ""demo"")",Chrome 112.0.0.0,,,2023-05-12 14:47:22,2023-05-12 14:47:22,0.570s,PASSED
"sendKeys(findTestObject(""Object Repository/checkout-step-one/input_Checkout Your Information_lastName""), ""qa test"")",Chrome 112.0.0.0,,,2023-05-12 14:47:22,2023-05-12 14:47:23,0.566s,PASSED
"sendKeys(findTestObject(""Object Repository/checkout-step-one/input_Checkout Your Information_postalCode""), ""9000"")",Chrome 112.0.0.0,,,2023-05-12 14:47:23,2023-05-12 14:47:24,0.575s,PASSED
"click(findTestObject(""Object Repository/checkout-step-one/input_continue""))",Chrome 112.0.0.0,,,2023-05-12 14:47:24,2023-05-12 14:47:24,0.560s,PASSED
"click(findTestObject(""Object Repository/finish checkout/button_Finish""))",Chrome 112.0.0.0,,,2023-05-12 14:47:24,2023-05-12 14:47:25,0.459s,PASSED
"verifyElementVisible(findTestObject(""Object Repository/order-success/h2_Thank you for your order""))",Chrome 112.0.0.0,,,2023-05-12 14:47:25,2023-05-12 14:47:25,0.542s,PASSED
"click(findTestObject(""Object Repository/NavSideBar/sidebar""))",Chrome 112.0.0.0,,,2023-05-12 14:47:25,2023-05-12 14:47:26,0.361s,PASSED
"click(findTestObject(""Object Repository/NavSideBar/a_Logout""))",Chrome 112.0.0.0,,,2023-05-12 14:47:26,2023-05-12 14:47:26,0.462s,PASSED
"verifyElementVisible(findTestObject(""Object Repository/Page_Swag Labs/input_Swag Labs_user-name""))",Chrome 112.0.0.0,,,2023-05-12 14:47:26,2023-05-12 14:47:27,0.541s,PASSED
closeBrowser(),Chrome 112.0.0.0,,,2023-05-12 14:47:27,2023-05-12 14:47:27,0.692s,PASSED
,,,,,,,
Test Cases/test-flow-1-buy-1-product,Chrome 112.0.0.0,,,2023-05-12 14:47:27,2023-05-12 14:47:32,5.148s,FAILED
"openBrowser(""https://www.saucedemo.com/"")",Chrome 112.0.0.0,,,2023-05-12 14:47:27,2023-05-12 14:47:30,2.723s,PASSED
"click(findTestObject(""Object Repository/Page_Swag Labs/input_Swag Labs_user-name""))",Chrome 112.0.0.0,,,2023-05-12 14:47:30,2023-05-12 14:47:30,0.349s,PASSED
"sendKeys(findTestObject(""Object Repository/Page_Swag Labs/input_Swag Labs_user-name""), ""standard_user"")",Chrome 112.0.0.0,,,2023-05-12 14:47:30,2023-05-12 14:47:31,0.339s,PASSED
"click(findTestObject(""Object Repository/Page_Swag Labs/input_Swag Labs_password""))",Chrome 112.0.0.0,,,2023-05-12 14:47:31,2023-05-12 14:47:31,0.338s,PASSED
"sendKeys(findTestObject(""Object Repository/Page_Swag Labs/input_Swag Labs_password""), ""secret_sauce"")",Chrome 112.0.0.0,,,2023-05-12 14:47:31,2023-05-12 14:47:31,0.344s,PASSED
"click(findTestObject(""Object Repository/Page_Swag Labs/input_Swag Labs_login-button""))",Chrome 112.0.0.0,,,2023-05-12 14:47:31,2023-05-12 14:47:32,0.407s,PASSED
"click(findTestObject(""Object Repository/inventoryPage/Backpack""))",Chrome 112.0.0.0,,,2023-05-12 14:47:32,2023-05-12 14:47:32,0.638s,FAILED
,,,,,,,
Test Cases/test-flow-1-buy-1-product,Chrome 112.0.0.0,,,2023-05-12 14:47:32,2023-05-12 14:47:40,7.145s,FAILED
"openBrowser(""https://www.saucedemo.com/"")",Chrome 112.0.0.0,,,2023-05-12 14:47:32,2023-05-12 14:47:37,4.740s,PASSED
"click(findTestObject(""Object Repository/Page_Swag Labs/input_Swag Labs_user-name""))",Chrome 112.0.0.0,,,2023-05-12 14:47:37,2023-05-12 14:47:38,0.358s,PASSED
"sendKeys(findTestObject(""Object Repository/Page_Swag Labs/input_Swag Labs_user-name""), ""standard_user"")",Chrome 112.0.0.0,,,2023-05-12 14:47:38,2023-05-12 14:47:38,0.359s,PASSED
"click(findTestObject(""Object Repository/Page_Swag Labs/input_Swag Labs_password""))",Chrome 112.0.0.0,,,2023-05-12 14:47:38,2023-05-12 14:47:38,0.352s,PASSED
"sendKeys(findTestObject(""Object Repository/Page_Swag Labs/input_Swag Labs_password""), ""secret_sauce"")",Chrome 112.0.0.0,,,2023-05-12 14:47:38,2023-05-12 14:47:39,0.339s,PASSED
"click(findTestObject(""Object Repository/Page_Swag Labs/input_Swag Labs_login-button""))",Chrome 112.0.0.0,,,2023-05-12 14:47:39,2023-05-12 14:47:39,0.405s,PASSED
"click(findTestObject(""Object Repository/inventoryPage/Backpack""))",Chrome 112.0.0.0,,,2023-05-12 14:47:39,2023-05-12 14:47:40,0.583s,FAILED
,,,,,,,
Test Cases/test-flow-1-buy-1-product,Chrome 112.0.0.0,,,2023-05-12 14:47:40,2023-05-12 14:47:46,6.756s,FAILED
"openBrowser(""https://www.saucedemo.com/"")",Chrome 112.0.0.0,,,2023-05-12 14:47:40,2023-05-12 14:47:44,4.385s,PASSED
"click(findTestObject(""Object Repository/Page_Swag Labs/input_Swag Labs_user-name""))",Chrome 112.0.0.0,,,2023-05-12 14:47:44,2023-05-12 14:47:44,0.360s,PASSED
"sendKeys(findTestObject(""Object Repository/Page_Swag Labs/input_Swag Labs_user-name""), ""standard_user"")",Chrome 112.0.0.0,,,2023-05-12 14:47:44,2023-05-12 14:47:45,0.336s,PASSED
"click(findTestObject(""Object Repository/Page_Swag Labs/input_Swag Labs_password""))",Chrome 112.0.0.0,,,2023-05-12 14:47:45,2023-05-12 14:47:45,0.343s,PASSED
"sendKeys(findTestObject(""Object Repository/Page_Swag Labs/input_Swag Labs_password""), ""secret_sauce"")",Chrome 112.0.0.0,,,2023-05-12 14:47:45,2023-05-12 14:47:45,0.340s,PASSED
"click(findTestObject(""Object Repository/Page_Swag Labs/input_Swag Labs_login-button""))",Chrome 112.0.0.0,,,2023-05-12 14:47:45,2023-05-12 14:47:46,0.401s,PASSED
"click(findTestObject(""Object Repository/inventoryPage/Backpack""))",Chrome 112.0.0.0,,,2023-05-12 14:47:46,2023-05-12 14:47:46,0.578s,FAILED
,,,,,,,
Test Cases/test-flow-1-buy-1-product,Chrome 112.0.0.0,,,2023-05-12 14:47:46,2023-05-12 14:47:59,13.025s,PASSED
"openBrowser(""https://www.saucedemo.com/"")",Chrome 112.0.0.0,,,2023-05-12 14:47:46,2023-05-12 14:47:50,3.213s,PASSED
"click(findTestObject(""Object Repository/Page_Swag Labs/input_Swag Labs_user-name""))",Chrome 112.0.0.0,,,2023-05-12 14:47:50,2023-05-12 14:47:50,0.352s,PASSED
"sendKeys(findTestObject(""Object Repository/Page_Swag Labs/input_Swag Labs_user-name""), ""standard_user"")",Chrome 112.0.0.0,,,2023-05-12 14:47:50,2023-05-12 14:47:50,0.342s,PASSED
"click(findTestObject(""Object Repository/Page_Swag Labs/input_Swag Labs_password""))",Chrome 112.0.0.0,,,2023-05-12 14:47:50,2023-05-12 14:47:51,0.341s,PASSED
"sendKeys(findTestObject(""Object Repository/Page_Swag Labs/input_Swag Labs_password""), ""secret_sauce"")",Chrome 112.0.0.0,,,2023-05-12 14:47:51,2023-05-12 14:47:51,0.341s,PASSED
"click(findTestObject(""Object Repository/Page_Swag Labs/input_Swag Labs_login-button""))",Chrome 112.0.0.0,,,2023-05-12 14:47:51,2023-05-12 14:47:51,0.385s,PASSED
"click(findTestObject(""Object Repository/inventoryPage/Backpack""))",Chrome 112.0.0.0,,,2023-05-12 14:47:51,2023-05-12 14:47:52,0.480s,PASSED
"click(findTestObject(""Object Repository/inventoryPage/button_Add to cart""))",Chrome 112.0.0.0,,,2023-05-12 14:47:52,2023-05-12 14:47:52,0.466s,PASSED
"click(findTestObject(""Object Repository/inventoryPage/products_back-image""))",Chrome 112.0.0.0,,,2023-05-12 14:47:52,2023-05-12 14:47:53,0.576s,PASSED
"click(findTestObject(""Object Repository/inventoryPage/cart""))",Chrome 112.0.0.0,,,2023-05-12 14:47:53,2023-05-12 14:47:53,0.562s,PASSED
"click(findTestObject(""Object Repository/CheckoutPage/button_Checkout""))",Chrome 112.0.0.0,,,2023-05-12 14:47:53,2023-05-12 14:47:54,0.465s,PASSED
"sendKeys(findTestObject(""Object Repository/checkout-step-one/input_Checkout Your Information_firstName""), ""demo"")",Chrome 112.0.0.0,,,2023-05-12 14:47:54,2023-05-12 14:47:54,0.572s,PASSED
"sendKeys(findTestObject(""Object Repository/checkout-step-one/input_Checkout Your Information_lastName""), ""qa test"")",Chrome 112.0.0.0,,,2023-05-12 14:47:54,2023-05-12 14:47:55,0.572s,PASSED
"sendKeys(findTestObject(""Object Repository/checkout-step-one/input_Checkout Your Information_postalCode""), ""9000"")",Chrome 112.0.0.0,,,2023-05-12 14:47:55,2023-05-12 14:47:56,0.566s,PASSED
"click(findTestObject(""Object Repository/checkout-step-one/input_continue""))",Chrome 112.0.0.0,,,2023-05-12 14:47:56,2023-05-12 14:47:56,0.576s,PASSED
"click(findTestObject(""Object Repository/finish checkout/button_Finish""))",Chrome 112.0.0.0,,,2023-05-12 14:47:56,2023-05-12 14:47:57,0.554s,PASSED
"verifyElementVisible(findTestObject(""Object Repository/order-success/h2_Thank you for your order""))",Chrome 112.0.0.0,,,2023-05-12 14:47:57,2023-05-12 14:47:57,0.556s,PASSED
"click(findTestObject(""Object Repository/NavSideBar/sidebar""))",Chrome 112.0.0.0,,,2023-05-12 14:47:57,2023-05-12 14:47:58,0.335s,PASSED
"click(findTestObject(""Object Repository/NavSideBar/a_Logout""))",Chrome 112.0.0.0,,,2023-05-12 14:47:58,2023-05-12 14:47:58,0.553s,PASSED
"verifyElementVisible(findTestObject(""Object Repository/Page_Swag Labs/input_Swag Labs_user-name""))",Chrome 112.0.0.0,,,2023-05-12 14:47:58,2023-05-12 14:47:59,0.528s,PASSED
closeBrowser(),Chrome 112.0.0.0,,,2023-05-12 14:47:59,2023-05-12 14:47:59,0.681s,PASSED
,,,,,,,
Test Cases/test-flow-1-buy-1-product,Chrome 112.0.0.0,,,2023-05-12 14:47:59,2023-05-12 14:48:12,12.653s,PASSED
"openBrowser(""https://www.saucedemo.com/"")",Chrome 112.0.0.0,,,2023-05-12 14:47:59,2023-05-12 14:48:02,2.824s,PASSED
"click(findTestObject(""Object Repository/Page_Swag Labs/input_Swag Labs_user-name""))",Chrome 112.0.0.0,,,2023-05-12 14:48:02,2023-05-12 14:48:03,0.349s,PASSED
"sendKeys(findTestObject(""Object Repository/Page_Swag Labs/input_Swag Labs_user-name""), ""standard_user"")",Chrome 112.0.0.0,,,2023-05-12 14:48:03,2023-05-12 14:48:03,0.345s,PASSED
"click(findTestObject(""Object Repository/Page_Swag Labs/input_Swag Labs_password""))",Chrome 112.0.0.0,,,2023-05-12 14:48:03,2023-05-12 14:48:03,0.336s,PASSED
"sendKeys(findTestObject(""Object Repository/Page_Swag Labs/input_Swag Labs_password""), ""secret_sauce"")",Chrome 112.0.0.0,,,2023-05-12 14:48:03,2023-05-12 14:48:04,0.342s,PASSED
"click(findTestObject(""Object Repository/Page_Swag Labs/input_Swag Labs_login-button""))",Chrome 112.0.0.0,,,2023-05-12 14:48:04,2023-05-12 14:48:04,0.403s,PASSED
"click(findTestObject(""Object Repository/inventoryPage/Backpack""))",Chrome 112.0.0.0,,,2023-05-12 14:48:04,2023-05-12 14:48:04,0.466s,PASSED
"click(findTestObject(""Object Repository/inventoryPage/button_Add to cart""))",Chrome 112.0.0.0,,,2023-05-12 14:48:04,2023-05-12 14:48:05,0.463s,PASSED
"click(findTestObject(""Object Repository/inventoryPage/products_back-image""))",Chrome 112.0.0.0,,,2023-05-12 14:48:05,2023-05-12 14:48:05,0.472s,PASSED
"click(findTestObject(""Object Repository/inventoryPage/cart""))",Chrome 112.0.0.0,,,2023-05-12 14:48:05,2023-05-12 14:48:06,0.556s,PASSED
"click(findTestObject(""Object Repository/CheckoutPage/button_Checkout""))",Chrome 112.0.0.0,,,2023-05-12 14:48:06,2023-05-12 14:48:06,0.556s,PASSED
"sendKeys(findTestObject(""Object Repository/checkout-step-one/input_Checkout Your Information_firstName""), ""demo"")",Chrome 112.0.0.0,,,2023-05-12 14:48:06,2023-05-12 14:48:07,0.579s,PASSED
"sendKeys(findTestObject(""Object Repository/checkout-step-one/input_Checkout Your Information_lastName""), ""qa test"")",Chrome 112.0.0.0,,,2023-05-12 14:48:07,2023-05-12 14:48:08,0.582s,PASSED
"sendKeys(findTestObject(""Object Repository/checkout-step-one/input_Checkout Your Information_postalCode""), ""9000"")",Chrome 112.0.0.0,,,2023-05-12 14:48:08,2023-05-12 14:48:08,0.570s,PASSED
"click(findTestObject(""Object Repository/checkout-step-one/input_continue""))",Chrome 112.0.0.0,,,2023-05-12 14:48:08,2023-05-12 14:48:09,0.561s,PASSED
"click(findTestObject(""Object Repository/finish checkout/button_Finish""))",Chrome 112.0.0.0,,,2023-05-12 14:48:09,2023-05-12 14:48:09,0.561s,PASSED
"verifyElementVisible(findTestObject(""Object Repository/order-success/h2_Thank you for your order""))",Chrome 112.0.0.0,,,2023-05-12 14:48:09,2023-05-12 14:48:10,0.537s,PASSED
"click(findTestObject(""Object Repository/NavSideBar/sidebar""))",Chrome 112.0.0.0,,,2023-05-12 14:48:10,2023-05-12 14:48:10,0.330s,PASSED
"click(findTestObject(""Object Repository/NavSideBar/a_Logout""))",Chrome 112.0.0.0,,,2023-05-12 14:48:10,2023-05-12 14:48:11,0.562s,PASSED
"verifyElementVisible(findTestObject(""Object Repository/Page_Swag Labs/input_Swag Labs_user-name""))",Chrome 112.0.0.0,,,2023-05-12 14:48:11,2023-05-12 14:48:11,0.542s,PASSED
closeBrowser(),Chrome 112.0.0.0,,,2023-05-12 14:48:11,2023-05-12 14:48:12,0.706s,PASSED
,,,,,,,
Test Cases/test-flow-1-buy-1-product,Chrome 112.0.0.0,,,2023-05-12 14:48:12,2023-05-12 14:48:18,5.618s,FAILED
"openBrowser(""https://www.saucedemo.com/"")",Chrome 112.0.0.0,,,2023-05-12 14:48:12,2023-05-12 14:48:15,3.139s,PASSED
"click(findTestObject(""Object Repository/Page_Swag Labs/input_Swag Labs_user-name""))",Chrome 112.0.0.0,,,2023-05-12 14:48:15,2023-05-12 14:48:16,0.462s,PASSED
"sendKeys(findTestObject(""Object Repository/Page_Swag Labs/input_Swag Labs_user-name""), ""standard_user"")",Chrome 112.0.0.0,,,2023-05-12 14:48:16,2023-05-12 14:48:16,0.340s,PASSED
"click(findTestObject(""Object Repository/Page_Swag Labs/input_Swag Labs_password""))",Chrome 112.0.0.0,,,2023-05-12 14:48:16,2023-05-12 14:48:16,0.350s,PASSED
"sendKeys(findTestObject(""Object Repository/Page_Swag Labs/input_Swag Labs_password""), ""secret_sauce"")",Chrome 112.0.0.0,,,2023-05-12 14:48:16,2023-05-12 14:48:17,0.348s,PASSED
"click(findTestObject(""Object Repository/Page_Swag Labs/input_Swag Labs_login-button""))",Chrome 112.0.0.0,,,2023-05-12 14:48:17,2023-05-12 14:48:17,0.399s,PASSED
"click(findTestObject(""Object Repository/inventoryPage/Backpack""))",Chrome 112.0.0.0,,,2023-05-12 14:48:17,2023-05-12 14:48:18,0.571s,FAILED
,,,,,,,
Test Cases/test-flow-1-buy-1-product,Chrome 112.0.0.0,,,2023-05-12 14:48:18,2023-05-12 14:48:31,13.875s,PASSED
"openBrowser(""https://www.saucedemo.com/"")",Chrome 112.0.0.0,,,2023-05-12 14:48:18,2023-05-12 14:48:22,4.196s,PASSED
"click(findTestObject(""Object Repository/Page_Swag Labs/input_Swag Labs_user-name""))",Chrome 112.0.0.0,,,2023-05-12 14:48:22,2023-05-12 14:48:22,0.359s,PASSED
"sendKeys(findTestObject(""Object Repository/Page_Swag Labs/input_Swag Labs_user-name""), ""standard_user"")",Chrome 112.0.0.0,,,2023-05-12 14:48:22,2023-05-12 14:48:23,0.336s,PASSED
"click(findTestObject(""Object Repository/Page_Swag Labs/input_Swag Labs_password""))",Chrome 112.0.0.0,,,2023-05-12 14:48:23,2023-05-12 14:48:23,0.354s,PASSED
"sendKeys(findTestObject(""Object Repository/Page_Swag Labs/input_Swag Labs_password""), ""secret_sauce"")",Chrome 112.0.0.0,,,2023-05-12 14:48:23,2023-05-12 14:48:23,0.346s,PASSED
"click(findTestObject(""Object Repository/Page_Swag Labs/input_Swag Labs_login-button""))",Chrome 112.0.0.0,,,2023-05-12 14:48:23,2023-05-12 14:48:24,0.410s,PASSED
"click(findTestObject(""Object Repository/inventoryPage/Backpack""))",Chrome 112.0.0.0,,,2023-05-12 14:48:24,2023-05-12 14:48:24,0.497s,PASSED
"click(findTestObject(""Object Repository/inventoryPage/button_Add to cart""))",Chrome 112.0.0.0,,,2023-05-12 14:48:24,2023-05-12 14:48:25,0.477s,PASSED
"click(findTestObject(""Object Repository/inventoryPage/products_back-image""))",Chrome 112.0.0.0,,,2023-05-12 14:48:25,2023-05-12 14:48:25,0.473s,PASSED
"click(findTestObject(""Object Repository/inventoryPage/cart""))",Chrome 112.0.0.0,,,2023-05-12 14:48:25,2023-05-12 14:48:26,0.575s,PASSED
"click(findTestObject(""Object Repository/CheckoutPage/button_Checkout""))",Chrome 112.0.0.0,,,2023-05-12 14:48:26,2023-05-12 14:48:26,0.461s,PASSED
"sendKeys(findTestObject(""Object Repository/checkout-step-one/input_Checkout Your Information_firstName""), ""demo"")",Chrome 112.0.0.0,,,2023-05-12 14:48:26,2023-05-12 14:48:27,0.478s,PASSED
"sendKeys(findTestObject(""Object Repository/checkout-step-one/input_Checkout Your Information_lastName""), ""qa test"")",Chrome 112.0.0.0,,,2023-05-12 14:48:27,2023-05-12 14:48:27,0.592s,PASSED
"sendKeys(findTestObject(""Object Repository/checkout-step-one/input_Checkout Your Information_postalCode""), ""9000"")",Chrome 112.0.0.0,,,2023-05-12 14:48:27,2023-05-12 14:48:28,0.578s,PASSED
"click(findTestObject(""Object Repository/checkout-step-one/input_continue""))",Chrome 112.0.0.0,,,2023-05-12 14:48:28,2023-05-12 14:48:28,0.574s,PASSED
"click(findTestObject(""Object Repository/finish checkout/button_Finish""))",Chrome 112.0.0.0,,,2023-05-12 14:48:28,2023-05-12 14:48:29,0.559s,PASSED
"verifyElementVisible(findTestObject(""Object Repository/order-success/h2_Thank you for your order""))",Chrome 112.0.0.0,,,2023-05-12 14:48:29,2023-05-12 14:48:29,0.545s,PASSED
"click(findTestObject(""Object Repository/NavSideBar/sidebar""))",Chrome 112.0.0.0,,,2023-05-12 14:48:29,2023-05-12 14:48:30,0.349s,PASSED
"click(findTestObject(""Object Repository/NavSideBar/a_Logout""))",Chrome 112.0.0.0,,,2023-05-12 14:48:30,2023-05-12 14:48:30,0.497s,PASSED
"verifyElementVisible(findTestObject(""Object Repository/Page_Swag Labs/input_Swag Labs_user-name""))",Chrome 112.0.0.0,,,2023-05-12 14:48:30,2023-05-12 14:48:31,0.448s,PASSED
closeBrowser(),Chrome 112.0.0.0,,,2023-05-12 14:48:31,2023-05-12 14:48:31,0.761s,PASSED
